SEQUENCE_ID,PRIMER_SET_NUMBER,PRIMER_LEFT_SEQUENCE,PRIMER_LEFT_TM,PRIMER_LEFT_GC%,PRIMER_LEFT_SELF_ANY_TH,PRIMER_LEFT_SELF_END_TH,PRIMER_LEFT_HAIRPIN_TH,PRIMER_RIGHT_SEQUENCE,PRIMER_RIGHT_TM,PRIMER_RIGHT_GC%,PRIMER_RIGHT_SELF_ANY_TH,PRIMER_RIGHT_SELF_END_TH,PRIMER_RIGHT_HAIRPIN_TH,PROBE_SEQUENCE,PROBE_TM,PROBE_GC%,PROBE_SELF_ANY_TH,PROBE_SELF_END_TH,PROBE_HAIRPIN_TH,PRODUCT_SIZE
Consensus_sequence,1,ACGATTGCCAAGACCAACAC,59.0484422110045,50.0,0.0,0.0,0.0,GTGATTGCCCACCACATTGT,59.03159486251502,50.0,0.0,0.0,0.0,AGTTCTATGCAAGCGTTCGC,60.17050807441211,50.0,9.667138427258749,9.667138427258749,0.0,183
Consensus_sequence,2,ACGATTGCCAAGACCAACAC,59.0484422110045,50.0,0.0,0.0,0.0,ACTTTCACGTGATTGCCCAC,59.0484422110045,50.0,20.79509164014604,0.0,0.0,AGTTCTATGCAAGCGTTCGC,60.17050807441211,50.0,9.667138427258749,9.667138427258749,0.0,191
Consensus_sequence,3,CAACACCTGCTGCATCTTCA,58.75883453342095,50.0,1.305978662239454,0.0,0.0,GTGATTGCCCACCACATTGT,59.03159486251502,50.0,0.0,0.0,0.0,AGTTCTATGCAAGCGTTCGC,60.17050807441211,50.0,9.667138427258749,9.667138427258749,0.0,169
Consensus_sequence,4,CAACACCTGCTGCATCTTCA,58.75883453342095,50.0,1.305978662239454,0.0,0.0,ACTTTCACGTGATTGCCCAC,59.0484422110045,50.0,20.79509164014604,0.0,0.0,AGTTCTATGCAAGCGTTCGC,60.17050807441211,50.0,9.667138427258749,9.667138427258749,0.0,177
Consensus_sequence,5,ACGATTGCCAAGACCAACAC,59.0484422110045,50.0,0.0,0.0,0.0,TGATTGCCCACCACATTGTC,58.74411755996846,50.0,0.0,0.0,0.0,AGTTCTATGCAAGCGTTCGC,60.17050807441211,50.0,9.667138427258749,9.667138427258749,0.0,182
Consensus_sequence,6,AGTTCTATGCAAGCGTTCGC,59.27828235087367,50.0,9.23624563855185,9.23624563855185,0.0,GTGATTGCCCACCACATTGT,59.03159486251502,50.0,0.0,0.0,0.0,CATCCGCCGCTCGACAAG,62.13088439385308,66.66666666666667,0.0,0.0,42.04814444172126,77
Consensus_sequence,7,AGTTCTATGCAAGCGTTCGC,59.27828235087367,50.0,9.23624563855185,9.23624563855185,0.0,ACTTTCACGTGATTGCCCAC,59.0484422110045,50.0,20.79509164014604,0.0,0.0,CATCCGCCGCTCGACAAG,62.13088439385308,66.66666666666667,0.0,0.0,42.04814444172126,85
Consensus_sequence,8,ATTGCCAAGACCAACACCTG,58.66878634458601,50.0,0.0,0.0,0.0,GTGATTGCCCACCACATTGT,59.03159486251502,50.0,0.0,0.0,0.0,AGTTCTATGCAAGCGTTCGC,60.17050807441211,50.0,9.667138427258749,9.667138427258749,0.0,180
Consensus_sequence,9,ATTGCCAAGACCAACACCTG,58.66878634458601,50.0,0.0,0.0,0.0,ACTTTCACGTGATTGCCCAC,59.0484422110045,50.0,20.79509164014604,0.0,0.0,AGTTCTATGCAAGCGTTCGC,60.17050807441211,50.0,9.667138427258749,9.667138427258749,0.0,188
Consensus_sequence,10,ACGCCCTGAAGTTCTATGCA,59.38673975690887,50.0,4.165539072201,0.0,0.0,GTGATTGCCCACCACATTGT,59.03159486251502,50.0,0.0,0.0,0.0,AGCGTTCGCGTGGACATC,61.68772689781218,61.111111111111114,9.00723550317781,0.0,43.91885983143612,86
